key,state,township,unemployment_rate,unemployment
09-110-01080,CT,Andover,2.10,0.021
09-140-01220,CT,Ansonia,5.10,0.051
09-150-01430,CT,Ashford,3.00,0.03
09-110-02060,CT,Avon,2.30,0.023
09-160-02760,CT,Barkhamsted,2.10,0.021
09-140-03250,CT,Beacon Falls,3.00,0.03
09-110-04300,CT,Berlin,2.60,0.026
09-170-04580,CT,Bethany,2.60,0.026
09-190-04720,CT,Bethel,3.00,0.03
09-140-04930,CT,Bethlehem,2.80,0.028
09-110-05910,CT,Bloomfield,3.70,0.037
09-110-06260,CT,Bolton,2.40,0.024
09-180-06820,CT,Bozrah,2.40,0.024
09-170-07310,CT,Branford,2.80,0.028
09-120-08070,CT,Bridgeport,5.70,0.057
09-190-08210,CT,Bridgewater,3.90,0.039
09-140-08490,CT,Bristol,3.60,0.036
09-190-08980,CT,Brookfield,2.90,0.029
09-150-09190,CT,Brooklyn,2.90,0.029
09-160-10100,CT,Burlington,2.40,0.024
09-160-10940,CT,Canaan,2.40,0.024
09-150-12130,CT,Canterbury,3.00,0.03
09-110-12270,CT,Canton,2.30,0.023
09-150-13810,CT,Chaplin,3.40,0.034
09-140-14160,CT,Cheshire,2.10,0.021
09-130-14300,CT,Chester,2.50,0.025
09-130-15350,CT,Clinton,2.60,0.026
09-180-15910,CT,Colchester,2.20,0.022
09-160-16050,CT,Colebrook,2.80,0.028
09-110-16400,CT,Columbia,2.20,0.022
09-160-17240,CT,Cornwall,2.40,0.024
09-110-17800,CT,Coventry,2.60,0.026
09-130-18080,CT,Cromwell,2.70,0.027
09-190-18500,CT,Danbury,3.00,0.03
09-190-18850,CT,Darien,2.90,0.029
09-130-19130,CT,Deep River,2.00,0.02
09-140-19550,CT,Derby,5.00,0.05
09-130-20810,CT,Durham,2.10,0.021
09-110-22070,CT,East Granby,2.70,0.027
09-130-22280,CT,East Haddam,2.40,0.024
09-130-22490,CT,East Hampton,3.00,0.03
09-110-22630,CT,East Hartford,4.90,0.049
09-170-22910,CT,East Haven,3.90,0.039
09-180-23400,CT,East Lyme,2.60,0.026
09-110-24800,CT,East Windsor,3.20,0.032
09-150-21860,CT,Eastford,2.60,0.026
09-120-23890,CT,Easton,2.60,0.026
09-110-25360,CT,Ellington,2.40,0.024
09-110-25990,CT,Enfield,3.10,0.031
09-130-26270,CT,Essex,2.50,0.025
09-120-26620,CT,Fairfield,3.30,0.033
09-110-27600,CT,Farmington,2.40,0.024
09-180-29910,CT,Franklin,2.80,0.028
09-110-31240,CT,Glastonbury,2.30,0.023
09-160-32290,CT,Goshen,2.50,0.025
09-110-32640,CT,Granby,2.30,0.023
09-190-33620,CT,Greenwich,2.60,0.026
09-180-33900,CT,Griswold,3.50,0.035
09-180-34250,CT,Groton,2.60,0.026
09-170-34950,CT,Guilford,2.10,0.021
09-130-35230,CT,Haddam,2.50,0.025
09-170-35650,CT,Hamden,3.30,0.033
09-150-36000,CT,Hampton,2.50,0.025
09-110-37070,CT,Hartford,6.40,0.064
09-160-37140,CT,Hartland,2.20,0.022
09-160-37280,CT,Harwinton,2.50,0.025
09-110-37910,CT,Hebron,2.40,0.024
09-160-40290,CT,Kent,2.00,0.02
09-150-40500,CT,Killingly,3.30,0.033
09-130-40710,CT,Killingworth,2.20,0.022
09-180-42390,CT,Lebanon,2.90,0.029
09-180-42600,CT,Ledyard,2.90,0.029
09-180-43230,CT,Lisbon,3.20,0.032
09-160-43370,CT,Litchfield,2.10,0.021
09-130-44210,CT,Lyme,2.30,0.023
09-170-44560,CT,Madison,2.40,0.024
09-110-44700,CT,Manchester,3.70,0.037
09-110-44910,CT,Mansfield,3.30,0.033
09-110-45820,CT,Marlborough,2.50,0.025
09-170-46520,CT,Meriden,4.10,0.041
09-140-46940,CT,Middlebury,2.70,0.027
09-130-47080,CT,Middlefield,2.70,0.027
09-130-47360,CT,Middletown,3.50,0.035
09-170-47535,CT,Milford,3.10,0.031
09-120-48620,CT,Monroe,3.30,0.033
09-180-48900,CT,Montville,2.90,0.029
09-160-49460,CT,Morris,2.00,0.02
09-140-49950,CT,Naugatuck,4.20,0.042
09-110-50440,CT,New Britain,5.30,0.053
09-190-50580,CT,New Canaan,2.80,0.028
09-190-50860,CT,New Fairfield,3.30,0.033
09-160-51350,CT,New Hartford,2.30,0.023
09-170-52070,CT,New Haven,4.30,0.043
09-180-52350,CT,New London,4.70,0.047
09-190-52630,CT,New Milford,3.10,0.031
09-110-52140,CT,Newington,2.70,0.027
09-190-52980,CT,Newtown,3.10,0.031
09-160-53470,CT,Norfolk,2.20,0.022
09-170-53890,CT,North Branford,2.60,0.026
09-160-54030,CT,North Canaan,2.70,0.027
09-170-54870,CT,North Haven,2.90,0.029
09-180-55500,CT,North Stonington,2.60,0.026
09-190-56060,CT,Norwalk,3.10,0.031
09-180-56270,CT,Norwich,3.90,0.039
09-130-57040,CT,Old Lyme,2.70,0.027
09-130-57320,CT,Old Saybrook,2.90,0.029
09-170-57600,CT,Orange,2.50,0.025
09-140-58300,CT,Oxford,3.00,0.03
09-150-59980,CT,Plainfield,3.40,0.034
09-110-60120,CT,Plainville,3.00,0.03
09-140-60750,CT,Plymouth,3.80,0.038
09-150-61030,CT,Pomfret,2.40,0.024
09-130-61800,CT,Portland,3.10,0.031
09-180-62150,CT,Preston,2.70,0.027
09-140-62290,CT,Prospect,2.70,0.027
09-150-62710,CT,Putnam,3.70,0.037
09-190-63480,CT,Redding,2.60,0.026
09-190-63970,CT,Ridgefield,2.70,0.027
09-110-65370,CT,Rocky Hill,2.50,0.025
09-160-65930,CT,Roxbury,2.10,0.021
09-180-66210,CT,Salem,2.70,0.027
09-160-66420,CT,Salisbury,2.20,0.022
09-150-67400,CT,Scotland,2.40,0.024
09-140-67610,CT,Seymour,3.50,0.035
09-160-67960,CT,Sharon,2.50,0.025
09-140-68170,CT,Shelton,3.60,0.036
09-190-68310,CT,Sherman,2.60,0.026
09-110-68940,CT,Simsbury,2.40,0.024
09-110-69220,CT,Somers,2.90,0.029
09-110-71390,CT,South Windsor,2.70,0.027
09-140-69640,CT,Southbury,3.00,0.03
09-110-70550,CT,Southington,2.60,0.026
09-180-71670,CT,Sprague,3.30,0.033
09-110-72090,CT,Stafford,3.10,0.031
09-190-73070,CT,Stamford,3.40,0.034
09-150-73420,CT,Sterling,3.00,0.03
09-180-73770,CT,Stonington,2.60,0.026
09-120-74190,CT,Stratford,4.50,0.045
09-110-74540,CT,Suffield,2.50,0.025
09-140-75730,CT,Thomaston,3.00,0.03
09-150-75870,CT,Thompson,2.90,0.029
09-110-76290,CT,Tolland,2.40,0.024
09-160-76570,CT,Torrington,3.50,0.035
09-120-77200,CT,Trumbull,3.10,0.031
09-150-77830,CT,Union,1.70,0.017
09-110-78250,CT,Vernon,3.10,0.031
09-150-78600,CT,Voluntown,2.50,0.025
09-170-78740,CT,Wallingford,2.60,0.026
09-160-79510,CT,Warren,1.90,0.019
09-160-79720,CT,Washington,2.20,0.022
09-140-80070,CT,Waterbury,5.60,0.056
09-180-80280,CT,Waterford,3.00,0.03
09-140-80490,CT,Watertown,3.10,0.031
09-110-82590,CT,West Hartford,2.70,0.027
09-170-82870,CT,West Haven,3.70,0.037
09-130-81680,CT,Westbrook,2.50,0.025
09-190-83430,CT,Weston,3.10,0.031
09-190-83500,CT,Westport,2.80,0.028
09-110-84900,CT,Wethersfield,3.20,0.032
09-110-85950,CT,Willington,2.80,0.028
09-190-86370,CT,Wilton,2.80,0.028
09-160-86440,CT,Winchester,3.00,0.03
09-180-86790,CT,Windham,4.80,0.048
09-110-87000,CT,Windsor,3.40,0.034
09-110-87070,CT,Windsor Locks,3.30,0.033
09-140-87560,CT,Wolcott,2.90,0.029
09-170-87700,CT,Woodbridge,2.20,0.022
09-140-87910,CT,Woodbury,2.70,0.027
09-150-88190,CT,Woodstock,2.80,0.028
23-021-00100,ME,Abbot,3.50,0.035
23-031-00275,ME,Acton,2.00,0.02
23-029-00380,ME,Addison,2.80,0.028
23-011-00590,ME,Albion,2.30,0.023
23-029-00660,ME,Alexander,2.60,0.026
23-031-00730,ME,Alfred,2.10,0.021
23-003-00800,ME,Allagash,3.30,0.033
23-015-01010,ME,Alna,1.80,0.018
23-019-01115,ME,Alton,2.80,0.028
23-009-01185,ME,Amherst,2.70,0.027
23-003-01220,ME,Amity,2.70,0.027
23-017-01325,ME,Andover,2.90,0.029
23-025-01395,ME,Anson,4.80,0.048
23-013-01465,ME,Appleton,2.80,0.028
23-019-01500,ME,Argyle,3.50,0.035
23-023-01570,ME,Arrowsic,2.80,0.028
23-031-01605,ME,Arundel,1.70,0.017
23-003-01710,ME,Ashland,4.80,0.048
23-025-01885,ME,Athens,2.80,0.028
,ME,Atkinson,2.50,0.025
23-001-02060,ME,Auburn,2.80,0.028
23-011-02100,ME,Augusta,2.60,0.026
23-009-02165,ME,Aurora,2.20,0.022
23-007-02235,ME,Avon,5.10,0.051
23-029-02480,ME,Baileyville,3.60,0.036
23-005-02655,ME,Baldwin,2.40,0.024
23-019-02795,ME,Bangor,2.70,0.027
23-009-02865,ME,Bar Harbor,1.60,0.016
23-029-02970,ME,Baring Plantation,3.30,0.033
23-023-03355,ME,Bath,2.60,0.026
23-029-03670,ME,Beals,1.90,0.019
23-021-03740,ME,Beaver Cove,2.00,0.02
23-029-03810,ME,Beddington,3.00,0.03
23-027-03950,ME,Belfast,2.70,0.027
23-011-04020,ME,Belgrade,2.30,0.023
23-027-04125,ME,Belmont,2.50,0.025
23-011-04475,ME,Benton,2.80,0.028
23-031-04720,ME,Berwick,2.40,0.024
23-017-04825,ME,Bethel,2.60,0.026
23-031-04860,ME,Biddeford,2.30,0.023
23-025-05000,ME,Bingham,3.30,0.033
23-003-05385,ME,Blaine,3.70,0.037
23-021-05560,ME,Blanchard Unorg,2.40,0.024
23-009-05700,ME,Blue Hill,1.80,0.018
23-015-06050,ME,Boothbay,1.90,0.019
23-015-06120,ME,Boothbay Harbor,2.70,0.027
23-023-06260,ME,Bowdoin,1.90,0.019
23-023-06365,ME,Bowdoinham,2.00,0.02
23-021-06400,ME,Bowerbank,2.30,0.023
23-019-06575,ME,Bradford,4.20,0.042
23-019-06680,ME,Bradley,2.30,0.023
23-015-06855,ME,Bremen,3.50,0.035
23-019-06925,ME,Brewer,2.20,0.022
23-003-07065,ME,Bridgewater,4.30,0.043
23-005-07170,ME,Bridgton,2.90,0.029
23-025-07380,ME,Brighton Plantation,3.80,0.038
23-015-07485,ME,Bristol,2.70,0.027
23-009-07800,ME,Brooklin,1.60,0.016
23-027-07870,ME,Brooks,2.80,0.028
23-009-07975,ME,Brooksville,1.90,0.019
23-017-08150,ME,Brownfield,2.30,0.023
23-021-08325,ME,Brownville,4.50,0.045
23-005-08430,ME,Brunswick,2.40,0.024
23-017-08710,ME,Buckfield,2.40,0.024
23-009-08815,ME,Bucksport,2.70,0.027
23-019-09200,ME,Burlington,4.80,0.048
23-027-09270,ME,Burnham,3.30,0.033
23-031-09410,ME,Buxton,1.90,0.019
23-017-09550,ME,Byron,1.40,0.014
23-029-09585,ME,Calais,3.10,0.031
23-025-09655,ME,Cambridge,5.80,0.058
23-013-09725,ME,Camden,2.50,0.025
23-025-09935,ME,Canaan,3.30,0.033
23-017-10005,ME,Canton,3.10,0.031
23-005-10180,ME,Cape Elizabeth,2.10,0.021
23-025-10495,ME,Caratunk,1.90,0.019
23-003-10565,ME,Caribou,2.80,0.028
23-019-10670,ME,Carmel,2.30,0.023
23-007-10740,ME,Carrabassett Valley,2.40,0.024
23-019-10810,ME,Carrol Plantation,2.00,0.02
23-007-10915,ME,Carthage,2.90,0.029
,ME,Cary Plantation,2.50,0.025
23-005-11125,ME,Casco,2.60,0.026
23-009-11265,ME,Castine,2.50,0.025
23-003-11300,ME,Castle Hill,8.00,0.08
23-003-11335,ME,Caswell Plantation,3.70,0.037
23-003-11785,ME,Central Aroostook Unorg,2.20,0.022
23-009-11800,ME,Central Hancock Unorg,4.70,0.047
23-025-11820,ME,Central Somerset Unorg,2.00,0.02
23-003-12000,ME,Chapman,1.70,0.017
23-019-12105,ME,Charleston,2.50,0.025
23-029-12175,ME,Charlotte,4.10,0.041
23-005-12300,ME,Chebeague Island,2.30,0.023
23-011-12350,ME,Chelsea,2.50,0.025
23-029-12455,ME,Cherryfield,3.10,0.031
23-019-12525,ME,Chester,3.70,0.037
23-007-12595,ME,Chesterville,3.00,0.03
23-011-12735,ME,China,2.40,0.024
23-019-13365,ME,Clifton,3.40,0.034
23-011-13470,ME,Clinton,2.70,0.027
23-029-13610,ME,Codyville Plantation,0.00,0
23-029-13750,ME,Columbia,4.10,0.041
23-029-13820,ME,Columbia Falls,3.70,0.037
23-003-13900,ME,Connor Unorg,2.50,0.025
23-029-14100,ME,Cooper,4.70,0.047
23-007-14205,ME,Coplin,3.40,0.034
23-019-14310,ME,Corinna,3.40,0.034
23-019-14380,ME,Corinth,3.10,0.031
23-031-14485,ME,Cornish,2.80,0.028
23-025-14555,ME,Cornville,2.50,0.025
23-009-14905,ME,Cranberry Isles,3.50,0.035
23-029-14940,ME,Crawford,2.90,0.029
23-013-15125,ME,Criehaven Unorg,0.00,0
23-003-15395,ME,Crystal,4.00,0.04
23-005-15430,ME,Cumberland,1.90,0.019
23-013-15780,ME,Cushing,2.80,0.028
23-029-15920,ME,Cutler,5.20,0.052
23-003-15990,ME,Cyr Plantation,10.70,0.107
23-007-16165,ME,Dallas Plantation,3.00,0.03
23-015-16235,ME,Damariscotta,3.30,0.033
23-029-16410,ME,Danforth,3.90,0.039
23-031-16725,ME,Dayton,2.10,0.021
23-029-16865,ME,Deblois,3.80,0.038
23-009-16935,ME,Dedham,2.00,0.02
23-009-17145,ME,Deer Isle,2.60,0.026
23-017-17250,ME,Denmark,1.80,0.018
23-025-17285,ME,Dennistown Plantation,0.00,0
23-029-17355,ME,Dennysville,3.90,0.039
23-025-17460,ME,Detroit,4.10,0.041
23-019-17530,ME,Dexter,3.90,0.039
23-017-17740,ME,Dixfield,4.10,0.041
23-019-17950,ME,Dixmont,2.70,0.027
23-021-18195,ME,Dover-Foxcroft,3.30,0.033
23-015-18475,ME,Dresden,2.10,0.021
23-019-18580,ME,Drew Plantation,0.00,0
23-001-19105,ME,Durham,1.90,0.019
23-003-19210,ME,Dyer Brook,2.20,0.022
23-003-19420,ME,Eagle Lake,4.10,0.041
23-007-19865,ME,East Central Franklin Unorg,2.00,0.02
23-019-19868,ME,East Central Penobscot Unorg,3.40,0.034
23-029-19870,ME,East Central Washington Unorg,3.00,0.03
23-009-20405,ME,East Hancock Unorg,1.70,0.017
23-029-20960,ME,East Machias,3.10,0.031
23-019-21030,ME,East Millinocket,4.60,0.046
23-009-19770,ME,Eastbrook,2.40,0.024
23-003-21380,ME,Easton,3.00,0.03
23-029-21730,ME,Eastport,3.90,0.039
23-019-22535,ME,Eddington,2.70,0.027
23-015-22675,ME,Edgecomb,2.20,0.022
23-019-22710,ME,Edinburg,5.10,0.051
23-031-22955,ME,Eliot,2.00,0.02
23-009-23200,ME,Ellsworth,2.10,0.021
23-025-23410,ME,Embden,2.60,0.026
23-019-23620,ME,Enfield,3.50,0.035
23-019-23865,ME,Etna,2.40,0.024
23-007-24005,ME,Eustis,2.50,0.025
23-019-24110,ME,Exeter,2.50,0.025
23-025-24320,ME,Fairfield,2.90,0.029
23-005-24495,ME,Falmouth,2.20,0.022
23-011-24670,ME,Farmingdale,3.40,0.034
23-007-24775,ME,Farmington,2.90,0.029
23-011-24950,ME,Fayette,2.60,0.026
23-003-25615,ME,Fort Fairfield,3.70,0.037
23-003-25755,ME,Fort Kent,2.60,0.026
23-027-26280,ME,Frankfort,4.20,0.042
23-009-26350,ME,Franklin,4.00,0.04
23-027-26420,ME,Freedom,2.00,0.02
23-005-26525,ME,Freeport,2.10,0.021
23-009-26595,ME,Frenchboro,0.00,0
23-003-26735,ME,Frenchville,4.30,0.043
23-013-26805,ME,Friendship,3.20,0.032
23-005-27025,ME,Frye Island,0.00,0
23-017-26910,ME,Fryeburg,2.60,0.026
23-011-27085,ME,Gardiner,2.10,0.021
23-003-27120,ME,Garfield Plantation,2.90,0.029
23-019-27190,ME,Garland,3.00,0.03
23-023-27295,ME,Georgetown,2.50,0.025
23-017-27505,ME,Gilead,6.00,0.06
23-019-27645,ME,Glenburn,2.20,0.022
23-003-27855,ME,Glenwood Plantation,0.00,0
23-005-28240,ME,Gorham,2.00,0.02
23-009-28450,ME,Gouldsboro,2.20,0.022
23-003-28590,ME,Grand Isle,3.40,0.034
23-029-28660,ME,Grand Lake Stream Plantation,2.70,0.027
23-005-28870,ME,Gray,2.10,0.021
23-009-28975,ME,Great Pond Plantation,2.70,0.027
23-019-29185,ME,Greenbush,2.60,0.026
23-001-29255,ME,Greene,2.20,0.022
23-021-29535,ME,Greenville,3.10,0.031
23-017-29710,ME,Greenwood,3.00,0.03
23-021-30095,ME,Guilford,4.30,0.043
23-011-30550,ME,Hallowell,2.00,0.02
23-003-30690,ME,Hamlin Plantation,2.90,0.029
23-003-30725,ME,Hammond Plantation,2.80,0.028
23-019-30795,ME,Hampden,2.10,0.021
23-009-30970,ME,Hancock,2.70,0.027
23-017-31110,ME,Hanover,5.20,0.052
23-025-31355,ME,Harmony,6.20,0.062
23-005-31390,ME,Harpswell,2.60,0.026
23-029-31530,ME,Harrington,3.60,0.036
23-005-31600,ME,Harrison,2.50,0.025
23-017-31670,ME,Hartford,2.60,0.026
23-025-31740,ME,Hartland,3.30,0.033
23-003-32195,ME,Haynesville,2.80,0.028
23-017-32370,ME,Hebron,2.60,0.026
23-019-32510,ME,Hermon,2.20,0.022
23-003-32685,ME,Hersey,18.20,0.182
23-025-32895,ME,Highland Plantation,6.30,0.063
23-017-33315,ME,Hiram,2.80,0.028
23-003-33385,ME,Hodgdon,2.40,0.024
23-019-33490,ME,Holden,2.50,0.025
23-031-33665,ME,Hollis,2.10,0.021
23-013-33840,ME,Hope,2.50,0.025
23-003-33980,ME,Houlton,3.20,0.032
23-019-34190,ME,Howland,4.20,0.042
23-019-34365,ME,Hudson,2.90,0.029
23-007-34820,ME,Industry,3.10,0.031
23-003-35065,ME,Island Falls,3.80,0.038
23-013-35135,ME,Isle Au Haut,2.30,0.023
23-027-35240,ME,Islesboro,2.30,0.023
23-025-35345,ME,Jackman,2.00,0.02
23-027-35450,ME,Jackson,4.90,0.049
23-007-35625,ME,Jay,3.00,0.03
23-015-35695,ME,Jefferson,2.30,0.023
23-029-35905,ME,Jonesboro,3.70,0.037
23-029-36010,ME,Jonesport,2.80,0.028
23-019-36325,ME,Kenduskeag,2.70,0.027
23-031-36535,ME,Kennebunk,2.50,0.025
23-031-36745,ME,Kennebunkport,2.40,0.024
23-007-37025,ME,Kingfield,4.10,0.041
23-019-37075,ME,Kingman Unorg,4.00,0.04
23-021-37095,ME,Kingsbury Plantation,0.00,0
23-031-37270,ME,Kittery,2.30,0.023
23-027-37585,ME,Knox,2.50,0.025
23-019-37760,ME,Lagrange,4.00,0.04
23-021-37970,ME,Lake View Plantation,7.90,0.079
,ME,Lakeville Plantation,5.30,0.053
23-009-38180,ME,Lamoine,2.40,0.024
23-031-38425,ME,Lebanon,2.50,0.025
23-019-38530,ME,Lee,6.50,0.065
23-001-38565,ME,Leeds,2.40,0.024
23-019-38705,ME,Levant,2.90,0.029
23-001-38740,ME,Lewiston,3.10,0.031
23-027-39055,ME,Liberty,3.50,0.035
23-031-39195,ME,Limerick,2.60,0.026
23-003-39300,ME,Limestone,3.60,0.036
23-031-39405,ME,Limington,2.50,0.025
23-017-39422,ME,Lincoln,4.30,0.043
23-017-39422,ME,Lincoln Plantation,0.00,0
23-027-39755,ME,Lincolnville,2.30,0.023
23-003-39965,ME,Linneus,2.30,0.023
23-001-40035,ME,Lisbon,2.50,0.025
23-011-40175,ME,Litchfield,2.30,0.023
23-003-40595,ME,Littleton,2.20,0.022
23-001-40665,ME,Livermore,3.00,0.03
23-001-40770,ME,Livermore Falls,4.10,0.041
23-005-41067,ME,Long Island,2.80,0.028
23-017-41365,ME,Lovell,2.40,0.024
23-019-41435,ME,Lowell,2.70,0.027
23-029-41610,ME,Lubec,2.20,0.022
23-003-41715,ME,Ludlow,2.70,0.027
23-031-41750,ME,Lyman,2.10,0.021
23-029-41960,ME,Machias,3.20,0.032
23-029-42100,ME,Machiasport,2.50,0.025
23-003-42450,ME,Macwahoc Plantation,5.00,0.05
23-003-42520,ME,Madawaska,2.90,0.029
23-025-42660,ME,Madison,3.10,0.031
,ME,Magalloway Plantation,0.00,0
23-011-43080,ME,Manchester,1.80,0.018
23-003-43255,ME,Mapleton,2.40,0.024
23-009-43430,ME,Mariaville,1.50,0.015
23-003-43710,ME,Mars Hill,2.80,0.028
23-029-43640,ME,Marshfield,2.00,0.02
23-003-43990,ME,Masardis,4.50,0.045
23-013-44165,ME,Matinicus Isle Plantation,2.70,0.027
23-019-44270,ME,Mattawamkeag,3.10,0.031
23-019-44340,ME,Maxfield,3.20,0.032
23-001-44585,ME,Mechanic Falls,2.80,0.028
23-029-44760,ME,Meddybemps,11.40,0.114
23-021-44830,ME,Medford,3.10,0.031
23-019-45005,ME,Medway,5.40,0.054
23-025-45110,ME,Mercer,2.80,0.028
23-003-45180,ME,Merrill,1.20,0.012
23-017-45285,ME,Mexico,4.20,0.042
23-029-45600,ME,Milbridge,5.20,0.052
23-019-45670,ME,Milford,2.90,0.029
23-019-45810,ME,Millinocket,4.20,0.042
23-021-46020,ME,Milo,3.90,0.039
23-017-46105,ME,Milton Unorg,1.80,0.018
23-001-46160,ME,Minot,2.30,0.023
23-015-46335,ME,Monhegan Plantation,2.80,0.028
23-011-46405,ME,Monmouth,2.50,0.025
23-027-46475,ME,Monroe,2.50,0.025
23-021-46580,ME,Monson,3.10,0.031
23-003-46685,ME,Monticello,4.00,0.04
23-027-46790,ME,Montville,2.50,0.025
23-025-47140,ME,Moose River,1.80,0.018
23-003-47175,ME,Moro Plantation,0.00,0
23-027-47245,ME,Morrill,2.80,0.028
23-025-47455,ME,Moscow,3.50,0.035
23-019-47560,ME,Mount Chase,3.80,0.038
23-009-47630,ME,Mount Desert,1.50,0.015
23-011-47770,ME,Mount Vernon,2.40,0.024
23-005-48085,ME,Naples,2.30,0.023
23-003-48120,ME,Nashville Plantation,0.00,0
23-003-48575,ME,New Canada,3.60,0.036
23-005-48820,ME,New Gloucester,2.00,0.02
23-003-48960,ME,New Limerick,2.70,0.027
23-025-49205,ME,New Portland,2.80,0.028
23-007-49345,ME,New Sharon,2.80,0.028
23-003-49415,ME,New Sweden,3.10,0.031
23-007-49520,ME,New Vineyard,4.00,0.04
23-019-48505,ME,Newburgh,2.10,0.021
23-015-48645,ME,Newcastle,2.20,0.022
23-031-48750,ME,Newfield,3.10,0.031
23-019-49065,ME,Newport,2.40,0.024
23-017-49275,ME,Newry,2.20,0.022
23-015-49660,ME,Nobleboro,2.10,0.021
23-025-49835,ME,Norridgewock,2.90,0.029
23-031-50325,ME,North Berwick,2.10,0.021
23-007-51400,ME,North Franklin Unorg,2.70,0.027
23-013-51620,ME,North Haven,1.40,0.014
23-019-52710,ME,North Penobscot Unorg,4.20,0.042
23-029-53500,ME,North Washington Unorg,7.90,0.079
23-005-53860,ME,North Yarmouth,1.60,0.016
23-021-51105,ME,Northeast Piscatquis Unorg,9.00,0.09
23-025-51114,ME,Northeast Somerset Unorg,2.10,0.021
23-029-51375,ME,Northfield,3.80,0.038
23-027-52845,ME,Northport,2.40,0.024
23-009-53620,ME,Northwest Hancock Unorg,0.00,0
23-021-53628,ME,Northwest Piscataquis Unorg,2.80,0.028
23-017-54000,ME,Norway,2.50,0.025
23-003-54385,ME,Oakfield,5.90,0.059
23-011-54560,ME,Oakland,2.50,0.025
23-031-54980,ME,Ogunquit,3.00,0.03
23-031-55085,ME,Old Orchard Beach,3.00,0.03
23-019-55225,ME,Old Town,2.80,0.028
23-003-55435,ME,Orient,1.80,0.018
23-009-55505,ME,Orland,2.40,0.024
23-019-55565,ME,Orono,2.80,0.028
23-019-55680,ME,Orrington,2.20,0.022
23-009-55855,ME,Osborn,3.30,0.033
23-009-55890,ME,Otis,2.40,0.024
23-017-55960,ME,Otisfield,2.20,0.022
23-013-56135,ME,Owls Head,3.10,0.031
23-017-56310,ME,Oxford,2.70,0.027
23-027-56450,ME,Palermo,2.30,0.023
23-025-56520,ME,Palmyra,3.70,0.037
23-017-56625,ME,Paris,3.00,0.03
23-021-56765,ME,Parkman,2.60,0.026
23-031-56870,ME,Parsonsfield,2.50,0.025
23-019-57045,ME,Passadumkeag,3.10,0.031
23-029-57082,ME,Passamaquoddy Indian Township Reservation,5.60,0.056
23-029-57090,ME,Passamaquoddy Pleasant Point Reservation,3.90,0.039
23-019-57150,ME,Patten,3.60,0.036
23-029-57780,ME,Pembroke,3.20,0.032
23-009-57920,ME,Penobscot,2.20,0.022
23-003-58060,ME,Perham,2.50,0.025
23-023-58070,ME,Perkins Unorg,0.00,0
23-029-58165,ME,Perry,1.90,0.019
23-017-58270,ME,Peru,3.30,0.033
23-007-58445,ME,Phillips,3.30,0.033
23-023-58515,ME,Phippsburg,2.30,0.023
23-025-59005,ME,Pittsfield,3.60,0.036
23-011-59110,ME,Pittston,1.90,0.019
23-025-59705,ME,Pleasant Ridge Plantation,5.00,0.05
23-019-59950,ME,Plymouth,2.90,0.029
23-001-60020,ME,Poland,2.60,0.026
23-003-60300,ME,Portage Lake,2.70,0.027
23-017-60405,ME,Porter,2.40,0.024
23-005-60545,ME,Portland,2.30,0.023
23-005-60685,ME,Pownal,2.50,0.025
,ME,Prentiss Plantation,3.20,0.032
23-003-60825,ME,Presque Isle,3.50,0.035
23-029-61035,ME,Princeton,3.80,0.038
23-027-61210,ME,Prospect,2.60,0.026
23-011-61700,ME,Randolph,2.80,0.028
23-007-61840,ME,Rangeley,2.60,0.026
23-007-61875,ME,Rangeley Plantation,3.00,0.03
23-005-61945,ME,Raymond,2.00,0.02
23-011-62190,ME,Readfield,2.10,0.021
23-003-62400,ME,Reed Plantation,1.50,0.015
23-023-62645,ME,Richmond,1.90,0.019
23-025-62995,ME,Ripley,3.40,0.034
23-029-63275,ME,Robbinston,2.00,0.02
23-013-63590,ME,Rockland,3.50,0.035
23-013-63660,ME,Rockport,2.70,0.027
23-011-63835,ME,Rome,2.30,0.023
23-029-63940,ME,Roque Bluffs,2.20,0.022
23-017-64185,ME,Roxbury,3.50,0.035
23-017-64290,ME,Rumford,4.60,0.046
23-001-64570,ME,Sabattus,2.50,0.025
23-031-64675,ME,Saco,2.20,0.022
23-007-65655,ME,Sandy River Plantation,1.40,0.014
23-031-65725,ME,Sanford,2.70,0.027
23-021-65865,ME,Sangerville,5.90,0.059
23-005-66145,ME,Scarborough,2.20,0.022
23-027-66565,ME,Searsmont,2.30,0.023
23-027-66635,ME,Searsport,3.80,0.038
23-005-66775,ME,Sebago,2.50,0.025
23-021-66950,ME,Sebec,4.50,0.045
23-019-67160,ME,Seboeis Plantation,0.00,0
23-009-67300,ME,Sedgwick,2.60,0.026
23-031-67475,ME,Shapleigh,2.30,0.023
23-003-67790,ME,Sherman,2.40,0.024
23-021-68140,ME,Shirley,4.50,0.045
23-011-68385,ME,Sidney,2.10,0.021
23-025-68910,ME,Skowhegan,3.30,0.033
23-025-69155,ME,Smithfield,2.30,0.023
23-003-69260,ME,Smyrna,2.40,0.024
23-025-69505,ME,Solon,3.90,0.039
23-015-69645,ME,Somerville,2.30,0.023
23-009-69750,ME,Sorrento,2.10,0.021
23-003-69930,ME,South Aroostook Unorg,6.30,0.063
23-031-70030,ME,South Berwick,2.10,0.021
23-015-70240,ME,South Bristol,2.20,0.022
23-007-70760,ME,South Franklin Unorg,7.10,0.071
23-017-71755,ME,South Oxford Unorg,2.20,0.022
23-005-71990,ME,South Portland,2.20,0.022
23-013-72585,ME,South Thomaston,3.00,0.03
23-021-70655,ME,Southeast Piscataquis Unorg,2.60,0.026
23-015-71955,ME,Southport,2.10,0.021
23-009-72865,ME,Southwest Harbor,1.60,0.016
23-019-73250,ME,Springfield,2.50,0.025
23-003-73472,ME,Square Lake Unorg,3.30,0.033
23-003-64780,ME,St  Agatha,3.00,0.03
23-025-64850,ME,St Albans,3.80,0.038
,ME,St Francis Plantation,4.10,0.041
23-013-65130,ME,St George,2.50,0.025
23-003-65200,ME,St John Plantation,2.30,0.023
,ME,Staceyville,4.50,0.045
23-005-73670,ME,Standish,2.20,0.022
23-025-73845,ME,Starks,2.40,0.024
23-019-74055,ME,Stetson,3.10,0.031
23-029-74125,ME,Steuben,3.60,0.036
23-003-74405,ME,Stockholm,1.80,0.018
23-027-74475,ME,Stockton Springs,3.10,0.031
23-017-74510,ME,Stoneham,1.50,0.015
23-009-74580,ME,Stonington,2.80,0.028
23-017-74685,ME,Stow,2.40,0.024
23-007-74825,ME,Strong,2.40,0.024
23-009-74965,ME,Sullivan,2.50,0.025
23-017-75035,ME,Sumner,2.80,0.028
23-009-75280,ME,Surry,2.80,0.028
23-009-75455,ME,Swans Island,3.30,0.033
23-027-75525,ME,Swanville,1.90,0.019
23-017-75595,ME,Sweden,4.20,0.042
23-029-75770,ME,Talmadge,6.30,0.063
23-007-75980,ME,Temple,2.10,0.021
23-025-76190,ME,The Forks Plantation,0.00,0
23-013-76365,ME,Thomaston,2.90,0.029
23-027-76610,ME,Thorndike,1.70,0.017
23-029-76895,ME,Topsfield,4.30,0.043
23-023-76960,ME,Topsham,2.00,0.02
23-009-77345,ME,Tremont,1.80,0.018
23-009-77415,ME,Trenton,1.70,0.017
23-027-77625,ME,Troy,3.90,0.039
23-001-77800,ME,Turner,2.30,0.023
,ME,Twombly Unorg,0.00,0
23-013-78115,ME,Union,2.70,0.027
23-011-78190,ME,Unity,2.80,0.028
23-011-78190,ME,Unity Unorg,0.00,0
23-017-78465,ME,Upton,2.80,0.028
23-003-78570,ME,Van Buren,3.90,0.039
23-029-78675,ME,Vanceboro,6.10,0.061
23-011-78745,ME,Vassalboro,2.80,0.028
23-019-78780,ME,Veazie,2.40,0.024
23-009-78925,ME,Verona Island,3.60,0.036
23-011-79025,ME,Vienna,4.20,0.042
23-013-79130,ME,Vinalhaven,1.70,0.017
23-003-79270,ME,Wade,3.80,0.038
23-029-79375,ME,Waite,1.70,0.017
23-027-79480,ME,Waldo,1.90,0.019
23-015-79550,ME,Waldoboro,3.00,0.03
23-001-79585,ME,Wales,2.80,0.028
23-003-79865,ME,Wallagrass,3.10,0.031
23-009-80040,ME,Waltham,2.50,0.025
23-013-80215,ME,Warren,2.40,0.024
23-003-80285,ME,Washburn,2.70,0.027
23-013-80425,ME,Washington,2.60,0.026
23-031-80530,ME,Waterboro,2.30,0.023
23-017-80635,ME,Waterford,2.70,0.027
23-011-80740,ME,Waterville,3.50,0.035
23-011-80880,ME,Wayne,2.80,0.028
23-019-81055,ME,Webster Plantation,8.30,0.083
23-007-81300,ME,Weld,3.80,0.038
23-021-81405,ME,Wellington,7.40,0.074
23-031-81475,ME,Wells,2.20,0.022
23-029-81685,ME,Wesley,2.10,0.021
23-023-81930,ME,West Bath,3.10,0.031
23-007-82235,ME,West Central Franklin Unorg,0.00,0
23-025-82840,ME,West Forks Plantation,2.40,0.024
23-011-82945,ME,West Gardiner,2.40,0.024
23-017-83890,ME,West Paris,3.00,0.03
23-005-82105,ME,Westbrook,2.60,0.026
23-003-82770,ME,Westfield,3.80,0.038
23-003-83540,ME,Westmanland,3.70,0.037
23-003-83785,ME,Weston,4.70,0.047
,ME,Westport,1.80,0.018
23-015-85010,ME,Whitefield,2.70,0.027
23-029-85185,ME,Whiting,2.40,0.024
23-019-85230,ME,Whitney Unorg,0.00,0
23-029-85290,ME,Whitneyville,2.00,0.02
23-021-85710,ME,Willimantic,1.90,0.019
23-007-85850,ME,Wilton,3.50,0.035
23-005-86025,ME,Windham,2.10,0.021
23-011-86165,ME,Windsor,2.10,0.021
23-019-86305,ME,Winn,5.90,0.059
23-011-86515,ME,Winslow,2.80,0.028
23-009-86655,ME,Winter Harbor,1.90,0.019
23-027-86760,ME,Winterport,2.20,0.022
23-003-86865,ME,Winterville Plantation,3.00,0.03
23-011-86970,ME,Winthrop,2.40,0.024
23-015-87075,ME,Wiscasset,2.20,0.022
23-003-87215,ME,Woodland,5.00,0.05
23-017-87355,ME,Woodstock,4.80,0.048
23-019-87390,ME,Woodville,2.20,0.022
23-023-87460,ME,Woolwich,2.20,0.022
23-007-87680,ME,Wyman Unorg,1.20,0.012
23-005-87845,ME,Yarmouth,2.10,0.021
23-031-87985,ME,York,2.10,0.021
25-023-00170,MA,Abington,3.40,0.034
25-017-00380,MA,Acton,3.00,0.03
25-005-00520,MA,Acushnet,3.80,0.038
25-003-00555,MA,Adams,3.80,0.038
25-013-00840,MA,Agawam,2.90,0.029
25-003-00975,MA,Alford,1.70,0.017
25-009-01260,MA,Amesbury,2.80,0.028
25-015-01370,MA,Amherst,3.90,0.039
25-009-01465,MA,Andover,2.90,0.029
25-007-01585,MA,Aquinnah,1.90,0.019
25-017-01605,MA,Arlington,2.50,0.025
25-027-01885,MA,Ashburnham,3.20,0.032
25-017-01955,MA,Ashby,2.60,0.026
25-011-02095,MA,Ashfield,1.90,0.019
25-017-02130,MA,Ashland,2.70,0.027
25-027-02480,MA,Athol,4.00,0.04
,MA,Attleborough,3.60,0.036
25-027-02760,MA,Auburn,3.00,0.03
25-021-02935,MA,Avon,4.50,0.045
25-017-03005,MA,Ayer,3.70,0.037
25-001-03690,MA,Barnstable,3.10,0.031
25-027-03740,MA,Barre,3.50,0.035
25-003-04545,MA,Becket,3.10,0.031
25-017-04615,MA,Bedford,2.90,0.029
25-015-04825,MA,Belchertown,2.60,0.026
25-021-04930,MA,Bellingham,3.40,0.034
25-017-05070,MA,Belmont,2.60,0.026
25-005-05280,MA,Berkley,3.30,0.033
25-027-05490,MA,Berlin,3.00,0.03
25-011-05560,MA,Bernardston,2.80,0.028
25-009-05595,MA,Beverly,2.90,0.029
25-017-05805,MA,Billerica,3.00,0.03
25-027-06015,MA,Blackstone,3.60,0.036
25-013-06085,MA,Blandford,2.70,0.027
25-027-06365,MA,Bolton,3.10,0.031
25-025-07000,MA,Boston,3.50,0.035
25-001-07175,MA,Bourne,3.70,0.037
25-017-07350,MA,Boxborough,3.00,0.03
25-009-07420,MA,Boxford,2.70,0.027
25-027-07525,MA,Boylston,2.90,0.029
25-021-07740,MA,Braintree,3.00,0.03
25-001-07980,MA,Brewster,2.70,0.027
25-023-08130,MA,Bridgewater,4.00,0.04
25-013-08470,MA,Brimfield,2.40,0.024
25-023-09000,MA,Brockton,4.80,0.048
25-027-09105,MA,Brookfield,3.50,0.035
25-021-09175,MA,Brookline,2.50,0.025
25-011-09595,MA,Buckland,2.20,0.022
25-017-09840,MA,Burlington,2.70,0.027
25-017-11000,MA,Cambridge,2.60,0.026
25-021-11315,MA,Canton,3.40,0.034
25-017-11525,MA,Carlisle,2.90,0.029
25-023-11665,MA,Carver,2.80,0.028
25-011-12505,MA,Charlemont,3.40,0.034
25-027-12715,MA,Charlton,3.20,0.032
25-001-12995,MA,Chatham,2.80,0.028
25-017-13135,MA,Chelmsford,3.00,0.03
25-025-13205,MA,Chelsea,3.30,0.033
25-003-13345,MA,Cheshire,2.80,0.028
25-013-13485,MA,Chester,3.50,0.035
25-015-13590,MA,Chesterfield,2.40,0.024
25-013-13660,MA,Chicopee,4.40,0.044
25-007-13800,MA,Chilmark,2.70,0.027
25-003-14010,MA,Clarksburg,3.20,0.032
25-027-14395,MA,Clinton,3.10,0.031
25-021-14640,MA,Cohasset,2.80,0.028
25-011-14885,MA,Colrain,2.40,0.024
25-017-15060,MA,Concord,3.00,0.03
25-011-15200,MA,Conway,1.70,0.017
25-015-16040,MA,Cummington,2.60,0.026
25-003-16180,MA,Dalton,3.10,0.031
25-009-16250,MA,Danvers,3.00,0.03
25-005-16425,MA,Dartmouth,3.60,0.036
25-021-16495,MA,Dedham,3.00,0.03
25-011-16670,MA,Deerfield,2.20,0.022
25-001-16775,MA,Dennis,3.10,0.031
25-005-16950,MA,Dighton,3.50,0.035
25-027-17300,MA,Douglas,2.70,0.027
25-021-17405,MA,Dover,2.60,0.026
25-017-17475,MA,Dracut,3.10,0.031
25-027-17685,MA,Dudley,3.60,0.036
25-017-17825,MA,Dunstable,2.50,0.025
25-023-17895,MA,Duxbury,2.90,0.029
25-023-18455,MA,East Bridgewater,3.50,0.035
25-027-18560,MA,East Brookfield,3.20,0.032
25-013-19645,MA,East Longmeadow,2.70,0.027
25-001-19295,MA,Eastham,2.40,0.024
25-015-19370,MA,Easthampton,2.70,0.027
25-005-20100,MA,Easton,3.40,0.034
25-007-21150,MA,Edgartown,2.50,0.025
25-003-21360,MA,Egremont,1.90,0.019
25-011-21780,MA,Erving,2.30,0.023
25-009-21850,MA,Essex,2.10,0.021
25-017-21990,MA,Everett,3.10,0.031
25-005-22130,MA,Fairhaven,3.70,0.037
25-005-23000,MA,Fall River,4.90,0.049
25-001-23105,MA,Falmouth,2.90,0.029
25-027-23875,MA,Fitchburg,4.60,0.046
25-003-24120,MA,Florida,1.70,0.017
25-021-24820,MA,Foxborough,3.30,0.033
25-017-24960,MA,Framingham,2.80,0.028
25-021-25172,MA,Franklin,3.10,0.031
25-005-25240,MA,Freetown,3.20,0.032
25-027-25485,MA,Gardner,4.00,0.04
25-009-25625,MA,Georgetown,2.90,0.029
25-011-25730,MA,Gill,2.10,0.021
25-009-26150,MA,Gloucester,3.20,0.032
25-015-26290,MA,Goshen,2.00,0.02
25-007-26325,MA,Gosnold,0.00,0
25-027-26430,MA,Grafton,3.10,0.031
25-015-26535,MA,Granby,2.60,0.026
25-013-26675,MA,Granville,3.30,0.033
25-003-26815,MA,Great Barrington,2.70,0.027
25-011-27060,MA,Greenfield,2.90,0.029
25-017-27480,MA,Groton,3.10,0.031
25-009-27620,MA,Groveland,2.50,0.025
25-015-27690,MA,Hadley,2.30,0.023
25-023-27795,MA,Halifax,3.40,0.034
25-009-27900,MA,Hamilton,2.70,0.027
25-013-28075,MA,Hampden,2.70,0.027
25-003-28180,MA,Hancock,2.30,0.023
25-023-28285,MA,Hanover,2.90,0.029
25-023-28495,MA,Hanson,3.10,0.031
25-027-28740,MA,Hardwick,2.10,0.021
25-027-28950,MA,Harvard,3.10,0.031
25-001-29020,MA,Harwich,3.00,0.03
25-015-29265,MA,Hatfield,3.10,0.031
25-009-29405,MA,Haverhill,3.50,0.035
25-011-29475,MA,Hawley,3.60,0.036
25-011-29650,MA,Heath,2.50,0.025
25-023-30210,MA,Hingham,3.20,0.032
25-003-30315,MA,Hinsdale,3.30,0.033
25-021-30455,MA,Holbrook,3.70,0.037
25-027-30560,MA,Holden,2.90,0.029
25-013-30665,MA,Holland,2.80,0.028
25-017-30700,MA,Holliston,3.20,0.032
25-013-30840,MA,Holyoke,5.30,0.053
25-027-30945,MA,Hopedale,2.90,0.029
25-017-31085,MA,Hopkinton,3.20,0.032
25-027-31435,MA,Hubbardston,2.50,0.025
25-017-31540,MA,Hudson,3.20,0.032
25-023-31645,MA,Hull,3.40,0.034
25-015-31785,MA,Huntington,3.10,0.031
25-009-32310,MA,Ipswich,2.60,0.026
25-023-33220,MA,Kingston,2.90,0.029
25-023-33920,MA,Lakeville,3.10,0.031
25-027-34165,MA,Lancaster,3.00,0.03
25-003-34340,MA,Lanesborough,2.50,0.025
25-009-34550,MA,Lawrence,6.00,0.06
25-003-34655,MA,Lee,2.40,0.024
25-027-34795,MA,Leicester,2.80,0.028
25-003-34970,MA,Lenox,3.60,0.036
25-027-35075,MA,Leominster,3.70,0.037
25-011-35180,MA,Leverett,2.50,0.025
25-017-35215,MA,Lexington,3.10,0.031
25-011-35285,MA,Leyden,1.50,0.015
25-017-35425,MA,Lincoln,2.90,0.029
25-017-35950,MA,Littleton,3.20,0.032
25-013-36300,MA,Longmeadow,2.80,0.028
25-017-37000,MA,Lowell,4.20,0.042
25-013-37175,MA,Ludlow,3.30,0.033
25-027-37420,MA,Lunenburg,3.10,0.031
25-009-37490,MA,Lynn,4.00,0.04
25-009-37560,MA,Lynnfield,2.70,0.027
25-017-37875,MA,Malden,3.50,0.035
,MA,Manchester,2.70,0.027
25-005-38225,MA,Mansfield,3.00,0.03
25-009-38400,MA,Marblehead,2.80,0.028
25-023-38540,MA,Marion,3.10,0.031
25-017-38715,MA,Marlborough,3.00,0.03
25-023-38855,MA,Marshfield,2.90,0.029
25-001-39100,MA,Mashpee,2.90,0.029
25-023-39450,MA,Mattapoisett,3.30,0.033
25-017-39625,MA,Maynard,2.60,0.026
25-021-39765,MA,Medfield,3.20,0.032
25-017-39835,MA,Medford,3.00,0.03
25-021-39975,MA,Medway,2.80,0.028
25-017-40115,MA,Melrose,2.90,0.029
25-027-40255,MA,Mendon,3.00,0.03
25-009-40430,MA,Merrimac,2.90,0.029
25-009-40710,MA,Methuen,3.80,0.038
25-023-40850,MA,Middleborough,3.40,0.034
25-015-40990,MA,Middlefield,1.70,0.017
25-009-41095,MA,Middleton,3.10,0.031
25-027-41165,MA,Milford,3.00,0.03
25-027-41340,MA,Millbury,3.30,0.033
25-021-41515,MA,Millis,3.30,0.033
25-027-41585,MA,Millville,3.40,0.034
25-021-41690,MA,Milton,3.40,0.034
25-011-42040,MA,Monroe,1.40,0.014
25-013-42145,MA,Monson,3.30,0.033
25-011-42285,MA,Montague,3.50,0.035
25-003-42460,MA,Monterey,2.70,0.027
25-013-42530,MA,Montgomery,2.30,0.023
25-003-43300,MA,Mount Washington,1.20,0.012
25-009-43580,MA,Nahant,3.10,0.031
25-019-43790,MA,Nantucket,2.20,0.022
25-017-43895,MA,Natick,2.80,0.028
25-021-44105,MA,Needham,2.80,0.028
25-003-44385,MA,New Ashford,2.20,0.022
25-005-45000,MA,New Bedford,5.20,0.052
25-027-45105,MA,New Braintree,3.10,0.031
25-003-45420,MA,New Marlborough,2.40,0.024
25-011-45490,MA,New Salem,2.40,0.024
25-009-45175,MA,Newbury,2.90,0.029
25-009-45245,MA,Newburyport,2.80,0.028
25-017-45560,MA,Newton,2.90,0.029
25-021-46050,MA,Norfolk,2.90,0.029
25-003-46225,MA,North Adams,4.10,0.041
25-009-46365,MA,North Andover,3.20,0.032
25-005-46598,MA,North Attleborough,3.10,0.031
25-027-47135,MA,North Brookfield,3.50,0.035
25-017-48955,MA,North Reading,2.90,0.029
25-015-46330,MA,Northampton,2.80,0.028
25-027-46820,MA,Northborough,3.40,0.034
25-027-46925,MA,Northbridge,3.60,0.036
25-011-47835,MA,Northfield,2.70,0.027
25-005-49970,MA,Norton,3.50,0.035
25-023-50145,MA,Norwell,3.20,0.032
25-021-50250,MA,Norwood,3.30,0.033
25-007-50390,MA,Oak Bluffs,1.90,0.019
25-027-50670,MA,Oakham,3.40,0.034
25-011-51265,MA,Orange,4.10,0.041
25-001-51440,MA,Orleans,2.60,0.026
25-003-51580,MA,Otis,2.50,0.025
25-027-51825,MA,Oxford,3.10,0.031
25-013-52144,MA,Palmer,3.80,0.038
25-027-52420,MA,Paxton,3.10,0.031
25-009-52490,MA,Peabody,3.00,0.03
25-015-52560,MA,Pelham,2.70,0.027
25-023-52630,MA,Pembroke,3.00,0.03
25-017-52805,MA,Pepperell,3.00,0.03
25-003-53050,MA,Peru,2.80,0.028
25-027-53120,MA,Petersham,3.50,0.035
25-027-53225,MA,Phillipston,2.30,0.023
25-003-53960,MA,Pittsfield,3.60,0.036
25-015-54030,MA,Plainfield,2.40,0.024
25-021-54100,MA,Plainville,3.00,0.03
25-023-54310,MA,Plymouth,3.10,0.031
25-023-54415,MA,Plympton,3.30,0.033
25-027-55395,MA,Princeton,3.00,0.03
25-001-55500,MA,Provincetown,2.50,0.025
25-021-55745,MA,Quincy,3.20,0.032
25-021-56000,MA,Randolph,3.90,0.039
25-005-56060,MA,Raynham,3.80,0.038
25-017-56130,MA,Reading,2.80,0.028
25-005-56375,MA,Rehoboth,3.00,0.03
25-025-56585,MA,Revere,3.50,0.035
25-003-56795,MA,Richmond,2.70,0.027
25-023-57600,MA,Rochester,2.90,0.029
25-023-57775,MA,Rockland,3.00,0.03
25-009-57880,MA,Rockport,3.00,0.03
25-011-58335,MA,Rowe,3.70,0.037
25-009-58405,MA,Rowley,2.60,0.026
25-027-58580,MA,Royalston,2.40,0.024
25-013-58650,MA,Russell,3.60,0.036
25-027-58825,MA,Rutland,3.10,0.031
25-009-59105,MA,Salem,3.80,0.038
25-009-59245,MA,Salisbury,2.70,0.027
25-003-59665,MA,Sandisfield,2.70,0.027
25-001-59735,MA,Sandwich,3.00,0.03
25-009-60015,MA,Saugus,3.50,0.035
25-003-60225,MA,Savoy,2.60,0.026
25-023-60330,MA,Scituate,3.00,0.03
25-005-60645,MA,Seekonk,3.00,0.03
25-021-60785,MA,Sharon,2.90,0.029
25-003-61065,MA,Sheffield,2.80,0.028
25-011-61135,MA,Shelburne,2.40,0.024
25-017-61380,MA,Sherborn,2.90,0.029
25-017-61590,MA,Shirley,3.60,0.036
25-027-61800,MA,Shrewsbury,3.20,0.032
25-011-61905,MA,Shutesbury,1.90,0.019
25-005-62430,MA,Somerset,3.70,0.037
25-017-62535,MA,Somerville,2.70,0.027
25-015-64145,MA,South Hadley,3.30,0.033
25-015-62745,MA,Southampton,2.60,0.026
25-027-63165,MA,Southborough,3.30,0.033
25-027-63345,MA,Southbridge,4.50,0.045
25-013-65825,MA,Southwick,3.00,0.03
25-027-66105,MA,Spencer,3.70,0.037
25-013-67000,MA,Springfield,6.20,0.062
25-027-67385,MA,Sterling,3.20,0.032
25-003-67595,MA,Stockbridge,2.60,0.026
25-017-67665,MA,Stoneham,2.90,0.029
25-021-67945,MA,Stoughton,3.60,0.036
25-017-68050,MA,Stow,2.50,0.025
25-027-68155,MA,Sturbridge,2.90,0.029
25-017-68260,MA,Sudbury,3.00,0.03
25-011-68400,MA,Sunderland,1.90,0.019
25-027-68610,MA,Sutton,2.80,0.028
25-009-68645,MA,Swampscott,2.90,0.029
25-005-68750,MA,Swansea,3.00,0.03
25-005-69170,MA,Taunton,4.30,0.043
25-027-69275,MA,Templeton,3.40,0.034
25-017-69415,MA,Tewksbury,3.00,0.03
25-007-69940,MA,Tisbury,2.70,0.027
25-013-70045,MA,Tolland,2.40,0.024
25-009-70150,MA,Topsfield,2.50,0.025
25-017-70360,MA,Townsend,3.20,0.032
25-001-70605,MA,Truro,1.90,0.019
25-017-71025,MA,Tyngsborough,3.20,0.032
25-003-71095,MA,Tyringham,2.60,0.026
25-027-71480,MA,Upton,3.50,0.035
25-027-71620,MA,Uxbridge,3.10,0.031
25-017-72215,MA,Wakefield,2.80,0.028
25-013-72390,MA,Wales,4.00,0.04
25-021-72495,MA,Walpole,3.20,0.032
25-017-72600,MA,Waltham,3.00,0.03
25-015-72880,MA,Ware,4.00,0.04
25-023-72985,MA,Wareham,3.50,0.035
25-027-73090,MA,Warren,3.60,0.036
25-011-73265,MA,Warwick,2.90,0.029
25-003-73335,MA,Washington,1.90,0.019
25-017-73440,MA,Watertown,2.60,0.026
25-017-73790,MA,Wayland,3.10,0.031
25-027-73895,MA,Webster,4.20,0.042
25-021-74175,MA,Wellesley,3.60,0.036
25-001-74385,MA,Wellfleet,2.40,0.024
25-011-74525,MA,Wendell,2.80,0.028
25-009-74595,MA,Wenham,3.40,0.034
25-027-75155,MA,West Boylston,3.90,0.039
25-023-75260,MA,West Bridgewater,3.30,0.033
25-027-75400,MA,West Brookfield,3.40,0.034
25-009-77150,MA,West Newbury,2.60,0.026
25-013-77890,MA,West Springfield,3.50,0.035
25-003-77990,MA,West Stockbridge,2.20,0.022
25-007-78235,MA,West Tisbury,1.90,0.019
25-027-75015,MA,Westborough,3.10,0.031
25-013-76030,MA,Westfield,3.50,0.035
25-017-76135,MA,Westford,3.10,0.031
25-015-76380,MA,Westhampton,2.30,0.023
25-027-77010,MA,Westminster,2.80,0.028
25-017-77255,MA,Weston,2.60,0.026
25-005-77570,MA,Westport,3.50,0.035
25-021-78690,MA,Westwood,2.90,0.029
25-021-78972,MA,Weymouth,3.10,0.031
25-011-79110,MA,Whately,2.30,0.023
25-023-79530,MA,Whitman,3.40,0.034
25-013-79740,MA,Wilbraham,3.10,0.031
25-015-79915,MA,Williamsburg,2.00,0.02
25-003-79985,MA,Williamstown,3.50,0.035
25-017-80230,MA,Wilmington,2.90,0.029
25-027-80405,MA,Winchendon,3.30,0.033
25-017-80510,MA,Winchester,2.80,0.028
25-003-80685,MA,Windsor,2.40,0.024
25-025-81005,MA,Winthrop,3.20,0.032
25-017-81035,MA,Woburn,3.10,0.031
25-027-82000,MA,Worcester,3.90,0.039
25-015-82175,MA,Worthington,3.10,0.031
25-021-82315,MA,Wrentham,2.80,0.028
25-001-82525,MA,Yarmouth,2.90,0.029
33-019-00260,NH,Acworth Town,3.30,0.033
33-003-00420,NH,Albany Town,2.50,0.025
33-009-00580,NH,Alexandria Town,3.20,0.032
33-013-00660,NH,Allenstown Town,2.80,0.028
33-005-00820,NH,Alstead Town,2.90,0.029
33-001-01060,NH,Alton Town,2.70,0.027
33-011-01300,NH,Amherst Town,2.80,0.028
33-013-01460,NH,Andover Town,2.70,0.027
33-011-01700,NH,Antrim Town,3.20,0.032
33-009-02020,NH,Ashland Town,2.40,0.024
33-007-02420,NH,Atkinson & Gilmanton Academy Grant,0.00,0
33-015-02340,NH,Atkinson Town,3.60,0.036
33-015-02820,NH,Auburn Town,2.70,0.027
33-001-03220,NH,Barnstead Town,2.70,0.027
33-017-03460,NH,Barrington Town,2.90,0.029
33-003-03700,NH,Bartlett Town,2.60,0.026
33-009-03940,NH,Bath Town,3.10,0.031
33-007-04100,NH,Bean's Grant,0.00,0
33-007-04260,NH,Bean's Purchase,0.00,0
33-011-04500,NH,Bedford Town,3.00,0.03
33-001-04740,NH,Belmont Town,3.20,0.032
33-011-04900,NH,Bennington Town,3.20,0.032
33-009-05060,NH,Benton Town,2.10,0.021
33-007-05140,NH,Berlin City,3.60,0.036
33-009-05460,NH,Bethlehem Town,2.90,0.029
33-013-06260,NH,Boscawen Town,2.80,0.028
33-013-06500,NH,Bow Town,2.80,0.028
33-013-06980,NH,Bradford Town,2.60,0.026
33-015-07220,NH,Brentwood Town,2.40,0.024
33-009-07540,NH,Bridgewater Town,2.70,0.027
33-009-07700,NH,Bristol Town,2.70,0.027
33-003-07940,NH,Brookfield Town,2.90,0.029
33-011-08100,NH,Brookline Town,2.60,0.026
33-007-08420,NH,Cambridge Township,0.00,0
33-009-08660,NH,Campton Town,2.30,0.023
33-009-08980,NH,Canaan Town,2.70,0.027
33-015-09300,NH,Candia Town,2.60,0.026
33-013-09860,NH,Canterbury Town,3.00,0.03
33-007-10100,NH,Carroll Town,3.10,0.031
33-001-10660,NH,Center Harbor Town,2.30,0.023
33-007-11220,NH,Chandler's Purchase,0.00,0
33-019-11380,NH,Charlestown Town,3.10,0.031
33-003-11780,NH,Chatham Town,2.40,0.024
33-015-12100,NH,Chester Town,2.70,0.027
33-005-12260,NH,Chesterfield Town,3.50,0.035
33-013-12420,NH,Chichester Town,2.60,0.026
33-019-12900,NH,Claremont City,3.00,0.03
33-007-13220,NH,Clarksville Town,2.80,0.028
33-007-13780,NH,Colebrook Town,3.50,0.035
33-007-13940,NH,Columbia Town,3.50,0.035
33-013-14200,NH,Concord City,2.80,0.028
33-003-14660,NH,Conway Town,2.70,0.027
33-019-15060,NH,Cornish Town,2.60,0.026
33-007-16100,NH,Crawford's Purchase,0.00,0
33-019-16340,NH,Croydon Town,2.20,0.022
33-007-16660,NH,Cutt's Grant,0.00,0
33-007-16820,NH,Dalton Town,2.50,0.025
33-013-16980,NH,Danbury Town,2.40,0.024
33-015-17140,NH,Danville Town,3.20,0.032
33-015-17460,NH,Deerfield Town,2.50,0.025
33-011-17780,NH,Deering Town,3.40,0.034
33-015-17940,NH,Derry Town,3.30,0.033
33-007-18340,NH,Dix's Grant,0.00,0
33-007-18420,NH,Dixville Township,0.00,0
33-009-18740,NH,Dorchester Town,4.00,0.04
33-017-18820,NH,Dover City,2.60,0.026
33-005-19140,NH,Dublin Town,3.10,0.031
33-007-19300,NH,Dummer Town,2.80,0.028
33-013-19460,NH,Dunbarton Town,2.70,0.027
33-017-19700,NH,Durham Town,3.90,0.039
33-015-21380,NH,East Kingston Town,2.90,0.029
33-009-22020,NH,Easton Town,4.50,0.045
33-003-23380,NH,Eaton Town,2.10,0.021
33-003-23620,NH,Effingham Town,3.00,0.03
33-009-23860,NH,Ellsworth Town,1.80,0.018
33-009-24340,NH,Enfield Town,2.30,0.023
33-015-24660,NH,Epping Town,3.00,0.03
33-013-24900,NH,Epsom Town,2.60,0.026
33-007-25140,NH,Errol Town,3.30,0.033
33-007-25180,NH,Erving's Location,0.00,0
33-015-25380,NH,Exeter Town,2.70,0.027
33-017-26020,NH,Farmington Town,3.20,0.032
33-005-26500,NH,Fitzwilliam Town,2.70,0.027
33-011-27140,NH,Francestown Town,2.60,0.026
33-009-27300,NH,Franconia Town,2.20,0.022
33-013-27380,NH,Franklin City,3.00,0.03
33-003-27700,NH,Freedom Town,2.80,0.028
33-015-27940,NH,Fremont Town,2.80,0.028
33-001-28740,NH,Gilford Town,2.70,0.027
33-001-28980,NH,Gilmanton Town,3.30,0.033
33-005-29220,NH,Gilsum Town,2.90,0.029
33-011-29860,NH,Goffstown Town,2.80,0.028
33-007-30260,NH,Gorham Town,3.20,0.032
33-019-30500,NH,Goshen Town,2.10,0.021
33-009-30820,NH,Grafton Town,3.30,0.033
33-019-31220,NH,Grantham Town,2.70,0.027
33-011-31540,NH,Greenfield Town,3.00,0.03
33-015-31700,NH,Greenland Town,2.60,0.026
33-007-31780,NH,Green's Grant,0.00,0
33-011-31940,NH,Greenville Town,3.30,0.033
33-009-32180,NH,Groton Town,2.20,0.022
33-007-32420,NH,Hadley's Purchase,0.00,0
33-003-32500,NH,Hale's Location,6.70,0.067
33-015-32900,NH,Hampstead Town,3.20,0.032
33-015-33460,NH,Hampton Falls Town,2.60,0.026
33-015-33060,NH,Hampton Town,3.10,0.031
33-011-33700,NH,Hancock Town,2.70,0.027
33-009-33860,NH,Hanover Town,3.80,0.038
33-005-34420,NH,Harrisville Town,2.40,0.024
33-003-34500,NH,Hart's Location,2.60,0.026
33-009-34820,NH,Haverhill Town,2.80,0.028
33-009-35220,NH,Hebron Town,2.50,0.025
33-013-35540,NH,Henniker Town,2.90,0.029
33-013-35860,NH,Hill Town,3.00,0.03
33-011-36180,NH,Hillsborough Town,3.30,0.033
33-005-36660,NH,Hinsdale Town,3.70,0.037
33-009-36900,NH,Holderness Town,1.90,0.019
33-011-37140,NH,Hollis Town,3.30,0.033
33-013-37300,NH,Hooksett Town,2.90,0.029
33-013-37540,NH,Hopkinton Town,2.70,0.027
33-011-37940,NH,Hudson Town,3.30,0.033
33-003-38260,NH,Jackson Town,2.90,0.029
33-005-38500,NH,Jaffrey Town,3.00,0.03
33-007-38820,NH,Jefferson Town,2.40,0.024
33-005-39300,NH,Keene City,3.50,0.035
33-015-39780,NH,Kensington Town,2.80,0.028
33-007-39940,NH,Kilkenny Township,0.00,0
33-015-40100,NH,Kingston Town,3.20,0.032
33-001-40180,NH,Laconia City,3.10,0.031
33-007-40420,NH,Lancaster Town,2.40,0.024
33-009-40660,NH,Landaff Town,1.70,0.017
33-019-40900,NH,Langdon Town,2.80,0.028
33-009-41300,NH,Lebanon City,2.40,0.024
33-017-41460,NH,Lee Town,2.40,0.024
33-019-41700,NH,Lempster Town,2.60,0.026
33-009-41860,NH,Lincoln Town,3.60,0.036
33-009-42020,NH,Lisbon Town,2.40,0.024
33-011-42260,NH,Litchfield Town,3.20,0.032
33-009-42580,NH,Littleton Town,2.70,0.027
33-009-42820,NH,Livermore Town,0.00,0
33-015-43220,NH,Londonderry Town,3.20,0.032
33-013-43380,NH,Loudon Town,2.40,0.024
33-007-43620,NH,Low & Burbank's Grant,0.00,0
33-009-44100,NH,Lyman Town,2.30,0.023
33-009-44260,NH,Lyme Town,3.00,0.03
33-011-44580,NH,Lyndeborough Town,2.80,0.028
33-017-44820,NH,Madbury Town,2.40,0.024
33-003-45060,NH,Madison Town,2.40,0.024
33-011-45140,NH,Manchester City,3.10,0.031
33-005-45460,NH,Marlborough Town,2.60,0.026
33-005-45700,NH,Marlow Town,3.60,0.036
33-007-46020,NH,Martin's Location,0.00,0
33-011-46260,NH,Mason Town,2.60,0.026
33-001-47140,NH,Meredith Town,3.00,0.03
33-011-47540,NH,Merrimack Town,2.70,0.027
33-017-47700,NH,Middleton Town,2.40,0.024
33-007-47860,NH,Milan Town,2.60,0.026
33-011-48020,NH,Milford Town,2.80,0.028
33-007-48260,NH,Millsfield Township,0.00,0
33-017-48660,NH,Milton Town,3.20,0.032
33-009-48980,NH,Monroe Town,4.80,0.048
33-011-49140,NH,Mont Vernon Town,2.80,0.028
33-003-49380,NH,Moultonborough Town,2.70,0.027
33-011-50260,NH,Nashua City,3.50,0.035
33-005-50580,NH,Nelson Town,2.20,0.022
33-011-50740,NH,New Boston Town,2.30,0.023
33-015-50980,NH,New Castle Town,2.40,0.024
33-017-51220,NH,New Durham Town,2.80,0.028
33-001-51540,NH,New Hampton Town,2.70,0.027
33-011-51940,NH,New Ipswich Town,2.70,0.027
33-013-52100,NH,New London Town,3.80,0.038
33-013-50900,NH,Newbury Town,2.60,0.026
33-015-51380,NH,Newfields Town,2.50,0.025
33-015-51620,NH,Newington Town,2.00,0.02
33-015-52340,NH,Newmarket Town,2.40,0.024
33-019-52580,NH,Newport Town,2.80,0.028
33-015-52900,NH,Newton Town,3.00,0.03
33-015-54580,NH,North Hampton Town,2.70,0.027
33-013-54260,NH,Northfield Town,2.80,0.028
33-007-56100,NH,Northumberland Town,3.40,0.034
33-015-56820,NH,Northwood Town,2.80,0.028
33-015-57460,NH,Nottingham Town,2.20,0.022
33-007-57860,NH,Odell Town,0.00,0
33-009-58340,NH,Orange Town,3.90,0.039
33-009-58500,NH,Orford Town,2.70,0.027
33-003-58740,NH,Ossipee Town,3.50,0.035
33-011-59940,NH,Pelham Town,3.70,0.037
33-013-60020,NH,Pembroke Town,2.70,0.027
33-011-60580,NH,Peterborough Town,2.60,0.026
33-009-61060,NH,Piermont Town,2.80,0.028
33-007-61620,NH,Pinkham's Grant,0.00,0
33-007-61780,NH,Pittsburg Town,3.70,0.037
33-013-61940,NH,Pittsfield Town,3.20,0.032
33-019-62340,NH,Plainfield Town,2.40,0.024
33-015-62500,NH,Plaistow Town,4.00,0.04
33-009-62660,NH,Plymouth Town,3.40,0.034
33-015-62900,NH,Portsmouth City,2.50,0.025
33-007-63860,NH,Randolph Town,2.70,0.027
33-015-64020,NH,Raymond Town,2.70,0.027
33-005-64420,NH,Richmond Town,3.00,0.03
33-005-64580,NH,Rindge Town,4.00,0.04
33-017-65140,NH,Rochester City,2.90,0.029
33-017-65540,NH,Rollinsford Town,3.40,0.034
33-005-65700,NH,Roxbury Town,2.50,0.025
33-009-65940,NH,Rumney Town,2.40,0.024
33-015-66180,NH,Rye Town,2.20,0.022
33-015-66660,NH,Salem Town,3.50,0.035
33-013-66980,NH,Salisbury Town,2.10,0.021
33-001-67300,NH,Sanbornton Town,2.40,0.024
33-015-67620,NH,Sandown Town,3.20,0.032
33-003-67780,NH,Sandwich Town,2.80,0.028
33-007-67860,NH,Sargent's Purchase,0.00,0
33-015-68260,NH,Seabrook Town,3.10,0.031
33-007-68500,NH,Second College Grant,0.00,0
33-011-68820,NH,Sharon Town,4.20,0.042
33-007-68980,NH,Shelburne Town,3.30,0.033
33-017-69940,NH,Somersworth City,3.10,0.031
33-015-71140,NH,South Hampton Town,3.40,0.034
33-019-72740,NH,Springfield Town,2.40,0.024
33-007-73060,NH,Stark Town,4.00,0.04
33-007-73380,NH,Stewartstown Town,3.60,0.036
33-005-73700,NH,Stoddard Town,2.20,0.022
33-017-73860,NH,Strafford Town,2.90,0.029
33-007-74180,NH,Stratford Town,4.90,0.049
33-015-74340,NH,Stratham Town,2.40,0.024
33-007-74500,NH,Success Town,0.00,0
33-009-74740,NH,Sugar Hill Town,1.90,0.019
33-005-74900,NH,Sullivan Town,3.10,0.031
33-019-75060,NH,Sunapee Town,2.80,0.028
33-005-75300,NH,Surry Town,3.00,0.03
33-013-75460,NH,Sutton Town,2.40,0.024
33-005-75700,NH,Swanzey Town,2.90,0.029
33-003-76100,NH,Tamworth Town,2.70,0.027
33-011-76260,NH,Temple Town,3.00,0.03
33-007-76580,NH,Thompson & Meserve's Purchase,0.00,0
33-009-76740,NH,Thornton Town,2.10,0.021
33-001-77060,NH,Tilton Town,2.90,0.029
33-005-77380,NH,Troy Town,2.60,0.026
33-003-77620,NH,Tuftonboro Town,2.60,0.026
33-019-77940,NH,Unity Town,2.00,0.02
33-003-78180,NH,Wakefield Town,3.40,0.034
33-005-78420,NH,Walpole Town,2.70,0.027
33-013-78580,NH,Warner Town,2.90,0.029
33-009-78740,NH,Warren Town,2.50,0.025
33-019-78980,NH,Washington Town,3.20,0.032
33-009-79380,NH,Waterville Valley Town,3.60,0.036
33-011-79780,NH,Weare Town,2.60,0.026
33-013-80020,NH,Webster Town,2.60,0.026
33-009-80500,NH,Wentworth Town,2.30,0.023
33-007-80740,NH,Wentworth's Location,0.00,0
33-005-82660,NH,Westmoreland Town,3.70,0.037
33-007-84420,NH,Whitefield Town,2.60,0.026
33-013-84900,NH,Wilmot Town,3.20,0.032
33-011-85220,NH,Wilton Town,3.20,0.032
33-005-85540,NH,Winchester Town,3.90,0.039
33-015-85780,NH,Windham Town,3.30,0.033
33-011-85940,NH,Windsor Town,1.90,0.019
33-003-86420,NH,Wolfeboro Town,3.00,0.03
33-009-87060,NH,Woodstock Town,2.30,0.023
44-001-05140,RI,BARRINGTON,3.40,0.034
44-001-09280,RI,BRISTOL,4.50,0.045
44-007-11800,RI,BURRILLVILLE,5.40,0.054
44-007-14140,RI,CENTRAL FALLS,6.40,0.064
44-009-14500,RI,CHARLESTOWN,5.00,0.05
44-003-18640,RI,COVENTRY,5.00,0.05
44-007-19180,RI,CRANSTON,5.40,0.054
44-007-20080,RI,CUMBERLAND,4.50,0.045
44-003-22240,RI,EAST GREENWICH,4.60,0.046
44-007-22960,RI,EAST PROVIDENCE,5.40,0.054
44-009-25300,RI,EXETER,4.40,0.044
44-007-27460,RI,FOSTER,4.70,0.047
44-007-30340,RI,GLOCESTER,4.20,0.042
44-009-35380,RI,HOPKINTON,4.00,0.04
44-005-36820,RI,JAMESTOWN,3.10,0.031
44-007-37720,RI,JOHNSTON,5.60,0.056
44-007-41500,RI,LINCOLN,4.80,0.048
44-005-42400,RI,LITTLE COMPTON,3.10,0.031
44-005-45460,RI,MIDDLETOWN,4.50,0.045
44-009-48340,RI,NARRAGANSETT,3.10,0.031
44-009-50500,RI,NEW SHOREHAM,2.50,0.025
44-005-49960,RI,NEWPORT,3.70,0.037
44-009-51580,RI,NORTH KINGSTOWN,3.80,0.038
44-007-51760,RI,NORTH PROVIDENCE,5.80,0.058
44-007-52480,RI,NORTH SMITHFIELD,4.30,0.043
44-007-54640,RI,PAWTUCKET,6.80,0.068
44-005-57880,RI,PORTSMOUTH,4.70,0.047
44-007-59000,RI,PROVIDENCE,7.20,0.072
44-009-61160,RI,RICHMOND,3.00,0.03
44-007-64220,RI,SCITUATE,4.80,0.048
44-007-66200,RI,SMITHFIELD,4.70,0.047
44-009-67460,RI,SOUTH KINGSTOWN,4.10,0.041
44-005-70880,RI,TIVERTON,4.90,0.049
44-001-73760,RI,WARREN,5.70,0.057
44-003-74300,RI,WARWICK,4.80,0.048
44-003-77720,RI,WEST GREENWICH,4.70,0.047
44-003-78440,RI,WEST WARWICK,5.40,0.054
44-009-77000,RI,WESTERLY,4.30,0.043
44-007-80780,RI,WOONSOCKET,6.90,0.069
50-001-00325,VT,Addison town,1.7,0.017
50-019-00475,VT,Albany town,3.6,0.036
50-013-00860,VT,Alburgh town,3,0.03
50-027-01300,VT,Andover town,2.5,0.025
50-003-01450,VT,Arlington town,2.2,0.022
50-025-01900,VT,Athens town,2.9,0.029
50-009-02125,VT,Averill town,0,0
50-009-02162,VT,Avery's gore,0,0
50-011-02500,VT,Bakersfield town,1.6,0.016
50-027-02575,VT,Baltimore town,1.6,0.016
50-027-02725,VT,Barnard town,1.4,0.014
50-005-02875,VT,Barnet town,2.6,0.026
50-023-03175,VT,Barre city,2.8,0.028
50-023-03250,VT,Barre town,2.1,0.021
50-019-03550,VT,Barton town,3.3,0.033
50-015-04375,VT,Belvidere town,1.5,0.015
50-003-04825,VT,Bennington town,3.8,0.038
50-021-05200,VT,Benson town,2,0.02
50-011-05425,VT,Berkshire town,1.9,0.019
50-023-05650,VT,Berlin town,2.2,0.022
50-027-05800,VT,Bethel town,2.1,0.021
50-009-06325,VT,Bloomfield town,5.7,0.057
50-007-06550,VT,Bolton town,1.1,0.011
50-017-07375,VT,Bradford town,2.1,0.021
50-017-07600,VT,Braintree town,1.5,0.015
50-021-07750,VT,Brandon town,2.6,0.026
50-025-07900,VT,Brattleboro town,3.2,0.032
50-027-08275,VT,Bridgewater town,1.8,0.018
50-001-08575,VT,Bridport town,1.5,0.015
50-009-08725,VT,Brighton town,3.9,0.039
50-001-09025,VT,Bristol town,2.4,0.024
50-017-09325,VT,Brookfield town,1.3,0.013
50-025-09475,VT,Brookline town,2.4,0.024
50-019-09850,VT,Brownington town,3.1,0.031
50-009-10075,VT,Brunswick town,16.7,0.167
50-007-10300,VT,Buels gore,0,0
50-005-10450,VT,Burke town,2.6,0.026
50-007-10675,VT,Burlington city,2.3,0.023
50-023-11125,VT,Cabot town,2.3,0.023
50-023-11350,VT,Calais town,2.3,0.023
50-015-11500,VT,Cambridge town,2,0.02
50-009-11800,VT,Canaan town,3.9,0.039
50-021-11950,VT,Castleton town,2.9,0.029
50-027-12250,VT,Cavendish town,3.1,0.031
50-019-13150,VT,Charleston town,1.6,0.016
50-007-13300,VT,Charlotte town,2,0.02
50-017-13525,VT,Chelsea town,2.1,0.021
50-027-13675,VT,Chester town,2.4,0.024
50-021-14350,VT,Chittenden town,1.2,0.012
50-021-14500,VT,Clarendon town,2.5,0.025
50-007-14875,VT,Colchester town,2.1,0.021
50-009-15250,VT,Concord town,2,0.02
50-017-15700,VT,Corinth town,2.2,0.022
50-001-16000,VT,Cornwall town,1.2,0.012
50-019-16150,VT,Coventry town,2.7,0.027
50-019-16300,VT,Craftsbury town,1.9,0.019
50-021-16825,VT,Danby town,2.5,0.025
50-005-17125,VT,Danville town,1.8,0.018
50-019-17350,VT,Derby town,2.9,0.029
50-003-17725,VT,Dorset town,2.3,0.023
50-025-17875,VT,Dover town,5.4,0.054
50-025-18325,VT,Dummerston town,2.8,0.028
50-023-18550,VT,Duxbury town,1.5,0.015
50-009-21250,VT,East Haven town,1.4,0.014
50-023-21925,VT,East Montpelier town,1.3,0.013
50-015-23500,VT,Eden town,1.9,0.019
50-015-23725,VT,Elmore town,1.6,0.016
50-011-24050,VT,Enosburgh town,2.6,0.026
50-007-24175,VT,Essex town,1.9,0.019
50-021-25375,VT,Fair Haven town,3.1,0.031
50-011-24925,VT,Fairfax town,1.7,0.017
50-011-25225,VT,Fairfield town,2.3,0.023
50-017-25675,VT,Fairlee town,1.3,0.013
50-023-25825,VT,Fayston town,1.9,0.019
50-009-25975,VT,Ferdinand town,0,0
50-001-26300,VT,Ferrisburgh town,1.8,0.018
50-011-26500,VT,Fletcher town,2.3,0.023
50-011-27100,VT,Franklin town,1.8,0.018
50-011-27700,VT,Georgia town,1.9,0.019
50-003-27962,VT,Glastenbury town,0,0
50-019-28075,VT,Glover town,2.7,0.027
50-001-28600,VT,Goshen town,0.9,0.009
50-025-28900,VT,Grafton town,2.3,0.023
50-009-29125,VT,Granby town,2.8,0.028
50-013-29275,VT,Grand Isle town,1.6,0.016
50-001-29575,VT,Granville town,2.6,0.026
50-019-30175,VT,Greensboro town,3,0.03
50-005-30550,VT,Groton town,2,0.02
50-009-30775,VT,Guildhall town,1.5,0.015
50-025-30925,VT,Guilford town,2,0.02
50-025-31150,VT,Halifax town,2.1,0.021
50-001-31525,VT,Hancock town,5.7,0.057
50-005-31825,VT,Hardwick town,3,0.03
50-027-32275,VT,Hartford town,2.1,0.021
50-027-32425,VT,Hartland town,1.6,0.016
50-011-33025,VT,Highgate town,2.6,0.026
50-007-33475,VT,Hinesburg town,2,0.02
50-019-33775,VT,Holland town,6.8,0.068
50-021-34450,VT,Hubbardton town,2.8,0.028
50-007-34600,VT,Huntington town,1.4,0.014
50-015-35050,VT,Hyde Park town,2.1,0.021
50-021-35425,VT,Ira town,6.5,0.065
50-019-35575,VT,Irasburg town,2.8,0.028
50-013-35875,VT,Isle La Motte town,2.3,0.023
50-025-36175,VT,Jamaica town,1.3,0.013
50-019-36325,VT,Jay town,1.3,0.013
50-007-36700,VT,Jericho town,1.7,0.017
50-015-37075,VT,Johnson town,3,0.03
50-021-37685,VT,Killington town,5,0.05
50-005-37900,VT,Kirby town,1.4,0.014
50-003-39025,VT,Landgrove town,1.1,0.011
50-001-39325,VT,Leicester town,2.7,0.027
50-009-39700,VT,Lemington town,3.7,0.037
50-009-39775,VT,Lewis town,0,0
50-001-40075,VT,Lincoln town,1.9,0.019
50-025-40225,VT,Londonderry town,1.7,0.017
50-019-40525,VT,Lowell town,3,0.03
50-027-41275,VT,Ludlow town,2.6,0.026
50-009-41425,VT,Lunenburg town,2.8,0.028
50-005-41725,VT,Lyndon town,3.9,0.039
50-009-42475,VT,Maidstone town,1.1,0.011
50-003-42850,VT,Manchester town,2.1,0.021
50-025-43375,VT,Marlboro town,2.6,0.026
50-023-43600,VT,Marshfield town,1.8,0.018
50-021-44125,VT,Mendon town,2.1,0.021
50-001-44350,VT,Middlebury town,2.3,0.023
50-023-44500,VT,Middlesex town,1.2,0.012
50-021-44800,VT,Middletown Springs town,1.2,0.012
50-007-45250,VT,Milton town,2.1,0.021
50-001-45550,VT,Monkton town,1.6,0.016
50-011-45850,VT,Montgomery town,3.6,0.036
50-023-46000,VT,Montpelier city,2.4,0.024
50-023-46225,VT,Moretown town,1.7,0.017
50-019-46450,VT,Morgan town,2.8,0.028
50-015-46675,VT,Morristown town,2.2,0.022
50-021-47200,VT,Mount Holly town,2.3,0.023
50-021-47425,VT,Mount Tabor town,1.7,0.017
50-001-48700,VT,New Haven town,1.4,0.014
50-005-47725,VT,Newark town,2,0.02
50-017-48175,VT,Newbury town,2,0.02
50-025-48400,VT,Newfane town,1.7,0.017
50-019-48850,VT,Newport city,4.2,0.042
50-019-48925,VT,Newport town,1.9,0.019
50-013-50650,VT,North Hero town,1.9,0.019
50-023-50275,VT,Northfield town,2.6,0.026
50-009-52750,VT,Norton town,2.2,0.022
50-027-52900,VT,Norwich town,1.6,0.016
50-017-53425,VT,Orange town,5.1,0.051
50-001-53725,VT,Orwell town,2.3,0.023
50-001-53950,VT,Panton town,3.2,0.032
50-021-54250,VT,Pawlet town,3.2,0.032
50-005-54400,VT,Peacham town,2.4,0.024
50-003-55000,VT,Peru town,3.4,0.034
50-021-55450,VT,Pittsfield town,4.4,0.044
50-021-55600,VT,Pittsford town,2.6,0.026
50-023-55825,VT,Plainfield town,1.7,0.017
50-027-56050,VT,Plymouth town,3.6,0.036
50-027-56350,VT,Pomfret town,3.6,0.036
50-021-56875,VT,Poultney town,3.3,0.033
50-003-57025,VT,Pownal town,2.6,0.026
50-021-57250,VT,Proctor town,2.6,0.026
50-025-57700,VT,Putney town,2.4,0.024
50-017-58075,VT,Randolph town,2.6,0.026
50-027-58375,VT,Reading town,3.8,0.038
50-003-58600,VT,Readsboro town,2.2,0.022
50-011-59125,VT,Richford town,3.1,0.031
50-007-59275,VT,Richmond town,1.8,0.018
50-001-59650,VT,Ripton town,1.5,0.015
50-027-60100,VT,Rochester town,2.2,0.022
50-025-60250,VT,Rockingham town,3.5,0.035
50-023-60625,VT,Roxbury town,2.2,0.022
50-027-60850,VT,Royalton town,2.8,0.028
50-003-61000,VT,Rupert town,2.1,0.021
50-021-61225,VT,Rutland city,3.1,0.031
50-021-61300,VT,Rutland town,2,0.02
50-005-61525,VT,Ryegate town,1.9,0.019
50-001-62575,VT,Salisbury town,1.5,0.015
50-003-62875,VT,Sandgate town,2,0.02
50-003-63175,VT,Searsburg town,1.7,0.017
50-003-63550,VT,Shaftsbury town,2.2,0.022
50-027-63775,VT,Sharon town,1.7,0.017
50-005-64075,VT,Sheffield town,3.2,0.032
50-007-64300,VT,Shelburne town,2.2,0.022
50-011-64600,VT,Sheldon town,2.1,0.021
50-001-65050,VT,Shoreham town,2.2,0.022
50-021-65275,VT,Shrewsbury town,1.6,0.016
50-025-65762,VT,Somerset town,0,0
50-007-66175,VT,South Burlington city,2.2,0.022
50-013-67000,VT,South Hero town,2,0.02
50-027-69550,VT,Springfield town,3.1,0.031
50-011-61675,VT,St. Albans city,2.4,0.024
50-011-61750,VT,St. Albans town,2.1,0.021
50-007-62050,VT,St. George town,2.1,0.021
50-005-62200,VT,St. Johnsbury town,2.6,0.026
50-003-69775,VT,Stamford town,0,0
50-005-69925,VT,Stannard town,0.9,0.009
50-001-70075,VT,Starksboro town,2.3,0.023
50-027-70375,VT,Stockbridge town,1.4,0.014
50-015-70525,VT,Stowe town,2.3,0.023
50-017-70675,VT,Strafford town,1.7,0.017
50-025-70750,VT,Stratton town,0.9,0.009
50-021-71050,VT,Sudbury town,2.6,0.026
50-003-71425,VT,Sunderland town,2.2,0.022
50-005-71575,VT,Sutton town,3.3,0.033
50-011-71725,VT,Swanton town,2.7,0.027
50-017-72400,VT,Thetford town,1.7,0.017
50-021-72925,VT,Tinmouth town,1.6,0.016
50-017-73075,VT,Topsham town,3.1,0.031
50-025-73300,VT,Townshend town,1.9,0.019
50-019-73525,VT,Troy town,4.1,0.041
50-017-73675,VT,Tunbridge town,2.1,0.021
50-007-73975,VT,Underhill town,1.5,0.015
50-001-74650,VT,Vergennes city,2.7,0.027
50-025-74800,VT,Vernon town,2.8,0.028
50-017-74950,VT,Vershire town,2.2,0.022
50-009-75175,VT,Victory town,3.6,0.036
50-023-75325,VT,Waitsfield town,2.9,0.029
50-005-75700,VT,Walden town,3.3,0.033
50-021-75925,VT,Wallingford town,2.6,0.026
50-001-76075,VT,Waltham town,1,0.01
50-025-76225,VT,Wardsboro town,3,0.03
50-009-76337,VT,Warner's grant,0,0
50-023-76525,VT,Warren town,1.7,0.017
50-009-76562,VT,Warren's gore,0,0
50-017-76750,VT,Washington town,2.2,0.022
50-023-76975,VT,Waterbury town,1.6,0.016
50-005-77125,VT,Waterford town,1.8,0.018
50-015-77425,VT,Waterville town,1.9,0.019
50-027-77500,VT,Weathersfield town,2.9,0.029
50-021-77950,VT,Wells town,3.2,0.032
50-017-79975,VT,West Fairlee town,2.1,0.021
50-021-80875,VT,West Haven town,1.4,0.014
50-021-82300,VT,West Rutland town,3,0.03
50-027-83050,VT,West Windsor town,1.7,0.017
50-019-80200,VT,Westfield town,2.1,0.021
50-007-80350,VT,Westford town,1.2,0.012
50-025-81400,VT,Westminster town,3.1,0.031
50-019-81700,VT,Westmore town,1.1,0.011
50-027-82000,VT,Weston town,4.5,0.045
50-001-83275,VT,Weybridge town,1.4,0.014
50-005-83500,VT,Wheelock town,2.8,0.028
50-001-83800,VT,Whiting town,2.6,0.026
50-025-83950,VT,Whitingham town,1.9,0.019
50-017-84175,VT,Williamstown town,2.3,0.023
50-007-84475,VT,Williston town,2.1,0.021
50-025-84700,VT,Wilmington town,2.5,0.025
50-025-84850,VT,Windham town,2.7,0.027
50-027-84925,VT,Windsor town,2.3,0.023
50-003-85075,VT,Winhall town,1.8,0.018
50-007-85150,VT,Winooski city,2.2,0.022
50-015-85375,VT,Wolcott town,2.9,0.029
50-023-85525,VT,Woodbury town,2.4,0.024
50-003-85675,VT,Woodford town,3.9,0.039
50-027-85975,VT,Woodstock town,2.1,0.021
50-023-86125,VT,Worcester town,1.6,0.016